TARGET_CLASS,configuration_id,criterion,ctg_min_time_per_job,ctg_schedule,search_budget,p_object_pool,ctg_time_per_class,Size,Length,Total_Time,Random_Seed,LineCoverage,LineCoverageBitString,BranchCoverage,BranchCoverageBitString,ExceptionCoverage,ExceptionCoverageBitString,Explicit_MethodExceptions,Explicit_TypeExceptions,Implicit_MethodExceptions,Implicit_TypeExceptions,WeakMutationScore,WeakMutationCoverageBitString,OutputCoverage,OutputCoverageBitString,MethodCoverage,MethodCoverageBitString,MethodNoExceptionCoverage,MethodNoExceptionCoverageBitString,CBranchCoverage,CBranchCoverageBitString
org.apache.xmlrpc.parser.MapParser,default,LINE;BRANCH;EXCEPTION;WEAKMUTATION;OUTPUT;METHOD;METHODNOEXCEPTION;CBRANCH,1,BUDGET,91,0.3,2,11,64,114249,1625994028898,0.30120481927710846,11111011100000101110000000000000000001010111111111110000000000000000000000000000000,0.2261904761904762,111001000010001010010101011101000000000000000000000000000101010110000000000000000000,1.0,11111111,0,0,4,3,0.3873239436619718,1111000000011110000000000111111111100000000111111111111111111110111010111110000000000000000000000000111111110000000000000000000000000000000000,1.0,,1.0,1111111,0.5714285714285714,1010110,0.2261904761904762,111010000001000100010111011110000000000000000000000000001001101010000000000000000000
